"Id","OwnerId","IsDeleted","Name","CreatedDate","CreatedById","LastModifiedDate","LastModifiedById","SystemModstamp","LastActivityDate","Alignment__c","Background__c","Backstory__c","Charisma__c","Class__c","Constitution__c","Dead__c","Dexterity__c","Equipment__c","Experiance__c","Features_and_Traits__c","General_Notes__c","Hit_Points__c","Intelligence__c","Languages__c","Level__c","Party__c","Personality__c","Race__c","Strength__c","User__c","Wisdom__c"
"a005e000005nPQgAAM","0055e000006e5wtAAA","0","Komi, Hunter of the Skies","2021-08-02 21:28:09","0055e000006e5wtAAA","2021-08-02 21:28:09","0055e000006e5wtAAA","2021-08-02 21:28:09","","","","","","Ranger","","0","","","","","","","","","","a025e000003zPMKAA2","","Aarakocra","","0055e000006e5wtAAA",""
"a005e000005nPQlAAM","0055e000006e5wtAAA","0","Squire Rochester Cunningham VIII","2021-08-02 21:28:42","0055e000006e5wtAAA","2021-08-02 21:28:42","0055e000006e5wtAAA","2021-08-02 21:28:42","","","","","","Rogue","","0","","","","","","","","","","a025e000003zPMKAA2","","Human","","0055e000006eBmNAAU",""
"a005e000005nPQmAAM","0055e000006e5wtAAA","0","Hellhorn","2021-08-02 21:30:41","0055e000006e5wtAAA","2021-08-02 21:30:41","0055e000006e5wtAAA","2021-08-02 21:30:41","","","","","","Barbarian","","0","","","","","","","","","","a025e000003zPMKAA2","","Tiefling","","0055e000006eC6MAAU",""
"a005e000005nPQqAAM","0055e000006e5wtAAA","0","Leo Majoris","2021-08-02 21:29:19","0055e000006e5wtAAA","2021-08-02 21:29:19","0055e000006e5wtAAA","2021-08-02 21:29:19","","","","","","Paladin","","0","","","","","","","","","","a025e000003zPMKAA2","","Human","","0055e000006eBmIAAU",""
"a005e000005nPQrAAM","0055e000006e5wtAAA","0","Ag'vhal ""Strongjaw"" Vunakakanu","2021-08-02 21:31:18","0055e000006e5wtAAA","2021-08-02 21:31:18","0055e000006e5wtAAA","2021-08-02 21:31:18","","","","","","Fighter","","0","","","","","","","","","","a025e000003zPMUAA2","","Goliath","","0055e000006eBmXAAU",""
"a005e000005nPR5AAM","0055e000006e5wtAAA","0","Severin Silverblade","2021-08-02 21:33:55","0055e000006e5wtAAA","2021-08-02 21:33:55","0055e000006e5wtAAA","2021-08-02 21:33:55","","","","","","Fighter","","0","","","","","","","","","","a025e000003zPMUAA2","","Dwarf","","0055e000006eBUVAA2",""
"a005e000005nPRGAA2","0055e000006e5wtAAA","0","Loren Skybow","2021-08-02 21:38:17","0055e000006e5wtAAA","2021-08-02 21:38:17","0055e000006e5wtAAA","2021-08-02 21:38:17","","","","","","Ranger","","0","","","","","","","","","","a025e000003zPMPAA2","","Elf","","0055e000006eBs7AAE",""
"a005e000005nPRHAA2","0055e000006e5wtAAA","0","Hollero Sneakyfeet","2021-08-02 21:39:00","0055e000006e5wtAAA","2021-08-02 21:39:00","0055e000006e5wtAAA","2021-08-02 21:39:00","","","","","","Rogue","","0","","","","","","","","","","a025e000003zPMPAA2","","Halfling","","0055e000006eBsMAAU",""
"a005e000005nPRPAA2","0055e000006e5wtAAA","0","An Actual Policeman","2021-08-02 21:36:20","0055e000006e5wtAAA","2021-08-02 21:45:23","0055e000006e5wtAAA","2021-08-02 21:45:23","","","","","","Policeman","","0","","","","","","","","","","a025e000003zPMUAA2","","Police Man","","0055e000006eBmcAAE",""
"a005e000005nPRQAA2","0055e000006e5wtAAA","0","Midina","2021-08-02 21:39:34","0055e000006e5wtAAA","2021-08-02 21:39:34","0055e000006e5wtAAA","2021-08-02 21:39:34","","","","","","Cleric","","0","","","","","","","","","","a025e000003zPMPAA2","","Human","","0055e000006eBmhAAE",""
"a005e000005nPRUAA2","0055e000006e5wtAAA","0","Furfur, Demonic Dealbroker","2021-08-02 21:37:37","0055e000006e5wtAAA","2021-08-02 21:37:37","0055e000006e5wtAAA","2021-08-02 21:37:37","","","","","","Bard","","0","","","","","","","","","","a025e000003zPMUAA2","","Tiefling","","0055e000006eBnLAAU",""
"a005e000005nPReAAM","0055e000006e5wtAAA","0","Horen Half-Shatter","2021-08-02 21:40:25","0055e000006e5wtAAA","2021-08-02 21:40:25","0055e000006e5wtAAA","2021-08-02 21:40:25","","","","","","Fighter","","0","","","","","","","","","","a025e000003zPMPAA2","","Human","","0055e000006eBnpAAE",""
