"Id","IsDeleted","Name","CreatedDate","CreatedById","LastModifiedDate","LastModifiedById","SystemModstamp","IsActive","IsArchived","Description","IsStandard"
"01s5e00000B9JnxAAF","0","Standard","2021-08-01 22:06:30","0055e000006e5wtAAA","2021-08-01 22:06:30","0055e000006e5wtAAA","2021-08-01 22:06:30","1","0","","0"
"01s5e00000B9JnyAAF","0","Standard Price Book","2021-08-01 22:06:30","0055e000006e5wtAAA","2021-08-01 22:06:30","0055e000006e5wtAAA","2021-08-01 22:06:30","0","0","","1"
"01s5e00000B9icwAAB","0","Portland-Hillsboro Region Pricebook","2021-08-02 23:27:49","0055e000006e5wtAAA","2021-08-03 03:20:15","0055e000006e5wtAAA","2021-08-03 03:20:15","1","0","The price book for the Portland-Hillsboro area. How many hipsters play D&D, anyway?","0"
"01s5e00000B9icxAAB","0","San Francisco Bay Area Region Pricebook","2021-08-02 23:32:43","0055e000006e5wtAAA","2021-08-02 23:36:00","0055e000006e5wtAAA","2021-08-02 23:36:00","1","0","A very expensive price book for those Bay Area millenials. Because they're just loaded with cash, right?","0"
"01s5e00000B9ilHAAR","0","Princeton Region Pricebook","2021-08-02 23:34:40","0055e000006e5wtAAA","2021-08-02 23:34:40","0055e000006e5wtAAA","2021-08-02 23:34:40","1","0","The price book for Princeton, Indiana. Your money will take you far...hopefully far enough to get you out of Princeton.","0"
"01s5e00000B9j60AAB","0","Online Pricebook","2021-08-02 23:43:02","0055e000006e5wtAAA","2021-08-02 23:43:02","0055e000006e5wtAAA","2021-08-02 23:43:02","1","0","The price book for online players. Remember to put on pants before every session!","0"
